user_id,duration,interArrivalTime,Type
1,149,277.0,Human
1,75,74.0,Human
1,151,113.0,Human
1,112,113.0,Human
1,113,147.0,Human
1,151,112.0,Human
1,111,75.0,Human
1,149,171.0,Human
1,225,1763.0,Human
1,149,74.0,Human
1,113,126.0,Human
1,73,159.0,Human
1,74,112.0,Human
1,150,239.0,Human
1,111,133.0,Human
1,189,213.0,Human
1,150,113.0,Human
1,113,37.0,Human
1,110,171.0,Human
1,150,112.0,Human
1,151,156.0,Human
1,264,225.0,Human
1,113,75.0,Human
1,111,201.0,Human
1,150,113.0,Human
1,113,113.0,Human
1,227,301.0,Human
1,111,142.0,Human
1,112,112.0,Human
1,113,75.0,Human
1,187,188.0,Human
1,1318,2079.0,Human
1,262,509.0,Human
1,226,113.0,Human
1,148,205.0,Human
1,111,317.0,Human
1,148,201.0,Human
1,264,404.0,Human
1,115,2.0,Human
2,888,36.0,Human
2,148,231.0,Human
2,186,225.0,Human
2,113,2.0,Human
2,188,266.0,Human
2,114,2.0,Human
2,296,2666.0,Human
2,222,74.0,Human
2,109,37.0,Human
2,148,185.0,Human
2,111,36.0,Human
2,150,248.0,Human
2,148,265.0,Human
2,185,235.0,Human
2,185,110.0,Human
2,111,317.0,Human
2,150,735.0,Human
2,109,111.0,Human
2,109,73.0,Human
2,150,111.0,Human
2,146,152.0,Human
2,149,111.0,Human
2,184,251.0,Human
2,110,110.0,Human
2,128,111.0,Human
2,148,111.0,Human
2,111,517.0,Human
2,147,111.0,Human
2,148,173.0,Human
2,258,259.0,Human
2,148,74.0,Human
2,147,157.0,Human
2,223,487.0,Human
2,149,155.0,Human
2,261,280.0,Human
2,184,404.0,Human
2,148,357.0,Human
2,185,147.0,Human
2,148,164.0,Human
2,149,223.0,Human
2,262,2.0,Human
2,184,146.0,Human
2,148,110.0,Human
2,183,235.0,Human
2,184,148.0,Human
2,111,74.0,Human
2,184,189.0,Human
2,149,73.0,Human
2,149,194.0,Human
2,108,110.0,Human
2,148,370.0,Human
2,186,111.0,Human
2,111,37.0,Human
2,63,36.0,Human
2,149,231.0,Human
2,185,147.0,Human
2,146,312.0,Human
2,148,258.0,Human
2,113,142.0,Human
2,148,73.0,Human
2,146,152.0,Human
2,186,444.0,Human
2,148,112.0,Human
2,149,294.0,Human
2,331,37.0,Human
2,146,509.0,Human
2,113,149.0,Human
2,152,172.0,Human
2,105,105.0,Human
2,112,224.0,Human
2,147,148.0,Human
2,148,74.0,Human
2,148,147.0,Human
2,149,160.0,Human
2,151,391.0,Human
2,114,140.0,Human
2,184,184.0,Human
2,147,36.0,Human
2,221,272.0,Human
2,182,369.0,Human
2,109,111.0,Human
2,184,477.0,Human
2,74,36.0,Human
2,177,432.0,Human
2,219,218.0,Human
2,335,1.0,Human
2,148,109.0,Human
2,111,123.0,Human
2,109,115.0,Human
2,150,4881.0,Human
2,112,288.0,Human
2,111,72.0,Human
2,112,189.0,Human
2,110,111.0,Human
2,148,74.0,Human
2,112,353.0,Human
2,150,174.0,Human
2,146,146.0,Human
2,146,260.0,Human
2,187,1282.0,Human
2,148,109.0,Human
2,138,148.0,Human
2,149,76.0,Human
2,186,147.0,Human
2,111,37.0,Human
2,150,259.0,Human
2,186,201.0,Human
2,151,343.0,Human
2,113,697.0,Human
2,108,110.0,Human
2,111,124.0,Human
2,152,202.0,Human
2,149,73.0,Human
2,183,185.0,Human
2,184,112.0,Human
2,183,73.0,Human
2,146,73.0,Human
2,112,202.0,Human
2,148,110.0,Human
2,74,97.0,Human
2,111,73.0,Human
2,111,137.0,Human
2,72,127.0,Human
2,149,226.0,Human
2,593,700.0,Human
2,149,37.0,Human
2,148,280.0,Human
2,148,194.0,Human
2,148,111.0,Human
2,259,186.0,Human
2,187,110.0,Human
2,185,206.0,Human
2,112,154.0,Human
2,44,5.0,Human
2,179,179.0,Human
2,143,2056.0,Human
2,148,185.0,Human
2,147,219.0,Human
2,113,160.0,Human
2,914,66.0,Human
2,114,373.0,Human
2,111,38.0,Human
2,114,134.0,Human
2,188,2444.0,Human
2,375,39.0,Human
2,39,151.0,Human
2,109,209.0,Human
2,150,237.0,Human
2,149,265.0,Human
2,187,191.0,Human
2,149,113.0,Human
2,187,241.0,Human
2,111,111.0,Human
2,148,681.0,Human
2,111,141.0,Human
2,110,174.0,Human
2,76,369.0,Human
2,113,192.0,Human
2,113,223.0,Human
2,188,557.0,Human
2,149,149.0,Human
2,188,607.0,Human
2,149,74.0,Human
2,113,113.0,Human
2,188,224.0,Human
2,149,75.0,Human
2,113,74.0,Human
2,177,112.0,Human
2,149,182.0,Human
2,65,76.0,Human
2,111,231.0,Human
2,188,213.0,Human
2,152,439.0,Human
2,148,172.0,Human
2,263,261.0,Human
2,152,1.0,Human
2,150,438.0,Human
2,149,112.0,Human
2,189,199.0,Human
2,151,229.0,Human
2,149,187.0,Human
2,149,75.0,Human
2,186,248.0,Human
2,75,38.0,Human
2,150,248.0,Human
2,75,142.0,Human
2,112,199.0,Human
2,186,195.0,Human
2,150,75.0,Human
2,185,187.0,Human
2,148,361.0,Human
2,151,494.0,Human
2,148,170.0,Human
2,113,74.0,Human
2,152,233.0,Human
2,147,149.0,Human
2,129,686.0,Human
2,151,152.0,Human
2,148,150.0,Human
2,186,112.0,Human
2,149,111.0,Human
2,186,238.0,Human
2,114,232.0,Human
2,75,129.0,Human
2,112,195.0,Human
2,110,112.0,Human
2,152,166.0,Human
2,74,149.0,Human
2,148,188.0,Human
2,149,149.0,Human
2,186,111.0,Human
2,75,287.0,Human
2,76,146.0,Human
2,113,128.0,Human
2,150,111.0,Human
2,111,112.0,Human
2,150,639.0,Human
2,149,112.0,Human
2,111,113.0,Human
2,150,112.0,Human
2,112,75.0,Human
2,161,121.0,Human
2,111,65.0,Human
2,152,300.0,Human
2,110,112.0,Human
2,111,203.0,Human
2,152,2436.0,Human
2,111,75.0,Human
2,150,195.0,Human
2,222,229.0,Human
2,149,415.0,Human
2,73,74.0,Human
2,221,241.0,Human
2,148,780.0,Human
2,188,112.0,Human
2,75,38.0,Human
2,186,262.0,Human
2,186,111.0,Human
2,113,291.0,Human
2,148,577.0,Human
2,150,161.0,Human
2,149,1216.0,Human
2,223,228.0,Human
2,75,37.0,Human
2,184,233.0,Human
2,151,111.0,Human
2,187,300.0,Human
2,113,74.0,Human
2,185,196.0,Human
2,187,149.0,Human
2,150,391.0,Human
2,149,239.0,Human
2,112,75.0,Human
2,74,75.0,Human
2,111,414.0,Human
2,39,125.0,Human
2,77,162.0,Human
2,149,237.0,Human
2,112,112.0,Human
2,111,74.0,Human
2,110,171.0,Human
2,149,331.0,Human
2,72,38.0,Human
2,225,224.0,Human
2,149,37.0,Human
2,111,76.0,Human
2,76,573.0,Human
2,73,128.0,Human
2,110,162.0,Human
2,111,490.0,Human
2,301,341.0,Human
2,224,37.0,Human
2,148,111.0,Human
2,186,399.0,Human
2,149,76.0,Human
2,102,37.0,Human
2,148,111.0,Human
2,110,111.0,Human
2,187,150.0,Human
2,112,38.0,Human
2,151,402.0,Human
2,111,138.0,Human
2,111,111.0,Human
2,187,291.0,Human
2,150,112.0,Human
2,147,212.0,Human
2,148,112.0,Human
2,148,535.0,Human
2,112,75.0,Human
2,224,278.0,Human
2,112,75.0,Human
2,224,224.0,Human
2,113,75.0,Human
2,150,290.0,Human
2,148,111.0,Human
2,152,254.0,Human
2,186,200.0,Human
2,74,37.0,Human
2,152,237.0,Human
2,186,187.0,Human
2,112,36.0,Human
2,186,245.0,Human
2,112,75.0,Human
2,149,270.0,Human
2,112,112.0,Human
2,100,112.0,Human
2,185,186.0,Human
2,1084,1290.0,Human
2,1045,1229.0,Human
2,148,147.0,Human
2,113,75.0,Human
2,186,186.0,Human
2,151,727.0,Human
2,112,224.0,Human
2,112,186.0,Human
2,111,75.0,Human
2,187,187.0,Human
2,112,36.0,Human
2,150,233.0,Human
2,113,138.0,Human
2,111,111.0,Human
2,149,75.0,Human
2,295,1295.0,Human
3,74,3042.0,Human
3,148,570.0,Human
3,262,2696.0,Human
3,186,974.0,Human
3,114,1199.0,Human
3,111,111.0,Human
3,112,1658.0,Human
3,150,4409.0,Human
3,149,2385.0,Human
3,185,1902.0,Human
3,187,4297.0,Human
3,187,731.0,Human
3,110,773.0,Human
3,150,1252.0,Human
3,148,810.0,Human
3,151,167.0,Human
3,187,1836.0,Human
3,187,2152.0,Human
3,150,299.0,Human
3,188,807.0,Human
3,111,1525.0,Human
3,150,1192.0,Human
3,186,261.0,Human
3,113,669.0,Human
3,111,237.0,Human
3,150,4113.0,Human
4,103,126.0,Human
4,110,491.0,Human
4,118,125.0,Human
4,72,89.0,Human
4,117,2199.0,Human
4,108,159.0,Human
4,100,102.0,Human
4,67,99.0,Human
4,118,107.0,Human
4,45,490.0,Human
4,48,129.0,Human
4,45,88.0,Human
4,97,61.0,Human
4,91,179.0,Human
4,126,151.0,Human
4,98,80.0,Human
4,112,176.0,Human
4,119,129.0,Human
4,100,303.0,Human
4,59,61.0,Human
4,106,134.0,Human
4,68,49.0,Human
4,67,134.0,Human
4,71,163.0,Human
4,91,281.0,Human
4,117,153.0,Human
4,74,355.0,Human
4,104,162.0,Human
4,64,66.0,Human
4,10,111.0,Human
4,100,208.0,Human
4,76,441.0,Human
4,72,94.0,Human
4,109,180.0,Human
4,49,230.0,Human
4,105,70.0,Human
4,103,126.0,Human
4,108,430.0,Human
4,115,126.0,Human
4,115,1694.0,Human
4,73,102.0,Human
4,75,139.0,Human
4,136,297.0,Human
4,44,53.0,Human
4,101,4667.0,Human
4,52,54.0,Human
4,109,142.0,Human
4,76,58.0,Human
4,51,119.0,Human
5,111,75.0,Human
5,150,110.0,Human
5,150,151.0,Human
5,149,74.0,Human
5,262,262.0,Human
5,151,1.0,Human
5,638,946.0,Human
5,111,248.0,Human
5,148,195.0,Human
5,150,112.0,Human
5,149,111.0,Human
5,111,259.0,Human
5,185,340.0,Human
5,151,286.0,Human
5,150,113.0,Human
5,112,37.0,Human
5,223,1997.0,Human
5,187,148.0,Human
5,150,150.0,Human
5,151,208.0,Human
6,114,128.0,Human
6,185,315.0,Human
6,149,112.0,Human
6,225,341.0,Human
6,112,37.0,Human
6,186,288.0,Human
6,111,112.0,Human
6,150,111.0,Human
6,150,74.0,Human
6,158,176.0,Human
6,74,168.0,Human
6,113,122.0,Human
6,74,75.0,Human
6,36,36.0,Human
6,150,1292.0,Human
6,149,149.0,Human
6,150,150.0,Human
6,76,36.0,Human
6,474,123.0,Human
6,634,13.0,Human
6,114,220.0,Human
6,149,149.0,Human
6,151,76.0,Human
6,149,153.0,Human
6,76,250.0,Human
6,260,2198.0,Human
6,149,39.0,Human
6,148,264.0,Human
6,76,300.0,Human
6,74,149.0,Human
6,151,241.0,Human
6,187,312.0,Human
6,148,1966.0,Human
6,76,36.0,Human
6,112,193.0,Human
6,112,74.0,Human
6,112,228.0,Human
6,74,357.0,Human
6,149,193.0,Human
6,149,37.0,Human
6,74,74.0,Human
6,149,221.0,Human
6,148,153.0,Human
6,150,112.0,Human
6,188,113.0,Human
6,227,437.0,Human
6,149,149.0,Human
6,151,191.0,Human
6,149,150.0,Human
6,186,237.0,Human
6,150,75.0,Human
6,74,37.0,Human
6,189,266.0,Human
6,150,38.0,Human
6,149,112.0,Human
6,112,37.0,Human
6,75,74.0,Human
6,149,162.0,Human
6,188,221.0,Human
6,113,75.0,Human
6,148,149.0,Human
6,113,187.0,Human
6,262,38.0,Human
6,186,299.0,Human
6,150,112.0,Human
6,149,112.0,Human
6,150,196.0,Human
6,148,149.0,Human
6,112,37.0,Human
6,150,616.0,Human
6,75,36.0,Human
6,152,260.0,Human
6,73,74.0,Human
6,148,232.0,Human
6,112,38.0,Human
6,73,74.0,Human
6,148,250.0,Human
6,149,150.0,Human
6,150,75.0,Human
6,75,208.0,Human
6,112,112.0,Human
6,112,211.0,Human
6,186,191.0,Human
6,113,38.0,Human
6,149,178.0,Human
6,150,113.0,Human
6,113,74.0,Human
6,111,212.0,Human
6,114,175.0,Human
6,138,1076.0,Human
6,110,145.0,Human
6,260,283.0,Human
6,150,37.0,Human
6,187,150.0,Human
6,150,112.0,Human
6,192,154.0,Human
6,113,348.0,Human
6,260,304.0,Human
6,149,37.0,Human
6,112,191.0,Human
6,186,270.0,Human
6,152,562.0,Human
6,149,262.0,Human
6,112,74.0,Human
6,110,171.0,Human
6,113,236.0,Human
6,113,337.0,Human
6,148,179.0,Human
6,150,157.0,Human
6,151,112.0,Human
6,223,226.0,Human
6,225,149.0,Human
6,186,37.0,Human
6,149,75.0,Human
6,75,76.0,Human
6,111,111.0,Human
6,151,199.0,Human
6,149,224.0,Human
6,300,1.0,Human
6,112,74.0,Human
6,150,240.0,Human
6,187,238.0,Human
6,188,444.0,Human
6,111,491.0,Human
6,75,225.0,Human
6,113,253.0,Human
6,112,204.0,Human
6,186,187.0,Human
6,112,36.0,Human
6,112,404.0,Human
6,151,112.0,Human
6,150,112.0,Human
6,150,112.0,Human
6,149,112.0,Human
6,149,1135.0,Human
6,226,194.0,Human
6,150,105.0,Human
6,147,275.0,Human
6,112,112.0,Human
6,149,150.0,Human
6,112,111.0,Human
6,149,213.0,Human
6,149,147.0,Human
6,111,72.0,Human
6,154,173.0,Human
6,113,74.0,Human
6,150,181.0,Human
6,112,75.0,Human
6,150,250.0,Human
6,111,111.0,Human
6,112,113.0,Human
6,187,149.0,Human
6,188,150.0,Human
6,112,74.0,Human
6,190,205.0,Human
6,113,74.0,Human
6,77,113.0,Human
6,149,111.0,Human
6,150,150.0,Human
6,147,154.0,Human
6,76,96.0,Human
6,76,111.0,Human
6,112,75.0,Human
6,223,686.0,Human
6,112,639.0,Human
6,109,255.0,Human
6,111,481.0,Human
6,150,291.0,Human
6,186,187.0,Human
6,112,37.0,Human
6,101,112.0,Human
6,149,155.0,Human
6,186,186.0,Human
6,193,1094.0,Human
6,141,143.0,Human
6,151,73.0,Human
6,104,118.0,Human
6,113,69.0,Human
6,112,311.0,Human
6,187,234.0,Human
6,113,74.0,Human
6,147,166.0,Human
6,151,112.0,Human
6,150,75.0,Human
6,149,179.0,Human
6,112,129.0,Human
6,111,112.0,Human
6,150,75.0,Human
6,139,149.0,Human
6,151,449.0,Human
6,187,1180.0,Human
6,262,226.0,Human
6,112,73.0,Human
6,149,204.0,Human
6,149,113.0,Human
6,149,148.0,Human
6,188,113.0,Human
6,112,37.0,Human
6,148,184.0,Human
6,150,74.0,Human
6,184,436.0,Human
6,150,438.0,Human
6,112,36.0,Human
6,149,150.0,Human
6,150,199.0,Human
6,74,37.0,Human
6,75,259.0,Human
6,210,257.0,Human
6,355,1.0,Human
6,124,24.0,Human
6,93,70.0,Human
6,149,149.0,Human
6,112,75.0,Human
6,202,163.0,Human
6,118,30.0,Human
6,142,181.0,Human
6,246,300.0,Human
6,186,224.0,Human
6,227,1044.0,Human
6,187,75.0,Human
6,113,74.0,Human
6,115,172.0,Human
6,113,75.0,Human
6,111,165.0,Human
6,652,114.0,Human
6,911,72.0,Human
6,188,114.0,Human
6,185,73.0,Human
6,374,508.0,Human
6,151,37.0,Human
6,150,262.0,Human
6,151,151.0,Human
6,150,76.0,Human
6,149,73.0,Human
6,112,161.0,Human
6,112,198.0,Human
6,148,174.0,Human
6,113,37.0,Human
6,112,75.0,Human
6,150,1543.0,Human
6,149,371.0,Human
6,74,79.0,Human
6,77,137.0,Human
6,76,129.0,Human
6,450,187.0,Human
6,939,1350.0,Human
6,1473,47.0,Human
6,713,185.0,Human
6,490,1.0,Human
6,410,1034.0,Human
6,634,1088.0,Human
6,188,291.0,Human
6,785,943.0,Human
6,112,75.0,Human
6,149,345.0,Human
6,150,150.0,Human
6,113,37.0,Human
6,186,149.0,Human
6,149,150.0,Human
6,112,357.0,Human
6,113,357.0,Human
6,148,311.0,Human
6,187,294.0,Human
6,112,37.0,Human
6,74,313.0,Human
6,111,177.0,Human
6,149,151.0,Human
6,149,149.0,Human
6,150,149.0,Human
6,186,3521.0,Human
6,186,192.0,Human
6,76,187.0,Human
6,112,178.0,Human
6,222,358.0,Human
6,224,223.0,Human
6,107,75.0,Human
6,114,308.0,Human
7,61,1231.0,Human
7,96,1371.0,Human
7,107,538.0,Human
7,29,413.0,Human
7,98,524.0,Human
7,74,3329.0,Human
7,42,1052.0,Human
7,83,1645.0,Human
7,57,546.0,Human
7,48,708.0,Human
7,153,4469.0,Human
7,63,968.0,Human
7,60,4648.0,Human
7,94,2813.0,Human
7,149,295.0,Human
7,78,1734.0,Human
7,154,121.0,Human
7,194,177.0,Human
7,70,307.0,Human
7,151,983.0,Human
7,128,858.0,Human
9,62,78.0,Human
9,109,115.0,Human
9,63,47.0,Human
9,63,115.0,Human
9,78,164.0,Human
9,94,2284.0,Human
9,109,156.0,Human
9,77,81.0,Human
9,94,140.0,Human
9,78,202.0,Human
9,126,207.0,Human
9,95,107.0,Human
9,63,90.0,Human
9,77,371.0,Human
9,47,287.0,Human
9,78,216.0,Human
9,111,172.0,Human
9,62,181.0,Human
9,79,338.0,Human
9,47,157.0,Human
9,125,172.0,Human
9,125,185.0,Human
9,126,100.0,Human
9,110,65.0,Human
9,109,100.0,Human
9,95,108.0,Human
9,109,148.0,Human
9,110,67.0,Human
9,108,148.0,Human
9,63,142.0,Human
9,78,115.0,Human
9,94,100.0,Human
9,93,132.0,Human
9,77,83.0,Human
9,78,101.0,Human
9,77,79.0,Human
9,125,138.0,Human
9,63,79.0,Human
9,47,347.0,Human
9,94,215.0,Human
9,94,103.0,Human
9,94,93.0,Human
9,93,135.0,Human
9,109,156.0,Human
9,78,170.0,Human
9,109,148.0,Human
9,63,106.0,Human
9,61,276.0,Human
9,46,48.0,Human
9,30,277.0,Human
9,48,133.0,Human
9,62,320.0,Human
9,110,153.0,Human
9,63,60.0,Human
9,124,182.0,Human
9,109,278.0,Human
9,63,70.0,Human
9,124,205.0,Human
9,78,69.0,Human
9,109,151.0,Human
9,64,205.0,Human
9,63,114.0,Human
9,79,98.0,Human
9,155,311.0,Human
9,78,414.0,Human
9,63,102.0,Human
9,93,104.0,Human
9,124,142.0,Human
9,61,131.0,Human
9,126,290.0,Human
9,126,91.0,Human
9,93,497.0,Human
9,62,95.0,Human
9,125,152.0,Human
9,79,86.0,Human
9,125,163.0,Human
9,78,217.0,Human
9,93,153.0,Human
9,78,105.0,Human
9,141,139.0,Human
9,125,54.0,Human
9,110,119.0,Human
9,125,132.0,Human
9,78,48.0,Human
9,62,280.0,Human
9,141,455.0,Human
9,93,122.0,Human
9,77,546.0,Human
9,109,125.0,Human
9,94,76.0,Human
9,157,222.0,Human
9,109,3.0,Human
9,94,102.0,Human
9,94,125.0,Human
9,77,74.0,Human
9,109,242.0,Human
9,94,232.0,Human
9,77,80.0,Human
9,47,172.0,Human
9,94,172.0,Human
9,110,184.0,Human
9,110,148.0,Human
9,125,171.0,Human
9,94,155.0,Human
9,110,118.0,Human
9,64,92.0,Human
9,78,156.0,Human
9,79,111.0,Human
9,109,135.0,Human
9,93,193.0,Human
9,110,657.0,Human
9,94,166.0,Human
9,111,137.0,Human
9,63,76.0,Human
9,109,144.0,Human
9,62,133.0,Human
9,80,184.0,Human
9,126,185.0,Human
9,125,49.0,Human
9,78,139.0,Human
9,125,187.0,Human
9,125,137.0,Human
9,93,78.0,Human
9,63,1489.0,Human
9,46,132.0,Human
9,63,122.0,Human
9,93,127.0,Human
9,62,124.0,Human
9,110,338.0,Human
9,62,61.0,Human
9,110,192.0,Human
9,62,408.0,Human
9,94,127.0,Human
9,77,148.0,Human
9,110,105.0,Human
9,124,394.0,Human
9,124,200.0,Human
9,109,981.0,Human
9,78,128.0,Human
9,141,182.0,Human
9,110,92.0,Human
9,125,183.0,Human
9,77,1159.0,Human
9,78,105.0,Human
9,79,102.0,Human
9,95,277.0,Human
9,64,85.0,Human
9,94,126.0,Human
9,170,263.0,Human
9,124,81.0,Human
9,79,339.0,Human
9,95,172.0,Human
9,157,177.0,Human
9,139,202.0,Human
9,141,2669.0,Human
9,63,31.0,Human
9,48,161.0,Human
9,109,183.0,Human
9,125,111.0,Human
9,110,163.0,Human
9,110,148.0,Human
9,78,751.0,Human
12,1459,13.0,Human
12,113,176.0,Human
12,113,128.0,Human
12,112,197.0,Human
12,96,124.0,Human
12,127,249.0,Human
12,106,1183.0,Human
12,819,36.0,Human
12,132,481.0,Human
12,106,545.0,Human
12,106,1326.0,Human
12,1844,28.0,Human
12,109,137.0,Human
12,107,161.0,Human
12,86,181.0,Human
12,97,436.0,Human
12,107,275.0,Human
12,89,167.0,Human
12,89,207.0,Human
12,102,199.0,Human
12,105,126.0,Human
12,116,187.0,Human
12,123,211.0,Human
12,113,208.0,Human
12,99,169.0,Human
12,95,157.0,Human
12,59,141.0,Human
12,104,253.0,Human
12,71,202.0,Human
12,104,166.0,Human
12,121,233.0,Human
12,92,163.0,Human
12,100,244.0,Human
12,76,428.0,Human
12,115,197.0,Human
12,113,641.0,Human
12,105,194.0,Human
12,99,116.0,Human
12,100,254.0,Human
12,82,101.0,Human
12,80,157.0,Human
12,106,187.0,Human
12,98,181.0,Human
12,94,178.0,Human
12,102,197.0,Human
12,101,116.0,Human
12,103,168.0,Human
12,105,167.0,Human
12,136,255.0,Human
12,113,162.0,Human
12,97,601.0,Human
12,91,124.0,Human
12,85,137.0,Human
12,81,113.0,Human
12,82,184.0,Human
12,85,164.0,Human
12,64,378.0,Human
12,74,199.0,Human
12,83,202.0,Human
12,77,189.0,Human
12,82,141.0,Human
12,82,161.0,Human
12,91,154.0,Human
12,129,498.0,Human
12,86,208.0,Human
12,91,170.0,Human
12,111,180.0,Human
12,106,163.0,Human
12,115,186.0,Human
12,102,164.0,Human
12,49,142.0,Human
12,104,378.0,Human
12,103,146.0,Human
12,82,1144.0,Human
12,1120,75.0,Human
14,646,20.0,Human
14,204,38.0,Human
14,130,2393.0,Human
23,92,221.0,Human
23,108,4110.0,Human
23,111,197.0,Human
23,76,2645.0,Human
23,88,619.0,Human
23,92,462.0,Human
29,184,22.0,Human
29,33,17.0,Human
29,207,662.0,Human
29,39,23.0,Human
29,32,17.0,Human
31,123,1174.0,Human
31,262,3561.0,Human
32,168,2463.0,Human
32,144,1096.0,Human
32,184,120.0,Human
32,152,40.0,Human
32,184,704.0,Human
32,163,109.0,Human
32,141,2.0,Human
32,136,39.0,Human
32,113,281.0,Human
32,120,1911.0,Human
32,121,633.0,Human
32,231,22.0,Human
32,112,256.0,Human
32,89,130.0,Human
32,201,367.0,Human
32,104,56.0,Human
32,183,1176.0,Human
32,95,16.0,Human
32,239,536.0,Human
32,136,8.0,Human
32,205,2040.0,Human
32,151,8.0,Human
32,159,952.0,Human
32,168,56.0,Human
32,144,79.0,Human
32,160,289.0,Human
32,95,12.0,Human
32,120,232.0,Human
32,76,24.0,Human
32,72,112.0,Human
32,127,256.0,Human
32,161,296.0,Human
32,104,1943.0,Human
32,240,48.0,Human
32,128,208.0,Human
32,187,136.0,Human
32,111,649.0,Human
32,111,87.0,Human
32,151,161.0,Human
32,72,343.0,Human
32,119,713.0,Human
32,79,48.0,Human
32,137,161.0,Human
32,74,46.0,Human
32,131,256.0,Human
32,111,81.0,Human
32,97,288.0,Human
32,95,112.0,Human
32,40,176.0,Human
32,129,257.0,Human
32,89,6.0,Human
32,92,241.0,Human
32,96,207.0,Human
32,137,112.0,Human
32,201,73.0,Human
32,192,104.0,Human
32,127,63.0,Human
32,120,328.0,Human
35,151,1077.0,Human
35,152,1318.0,Human
35,130,2210.0,Human
43,85,660.0,Human
43,305,9.0,Human
43,85,1206.0,Human
43,126,255.0,Human
43,74,59.0,Human
43,109,157.0,Human
43,660,4758.0,Human
43,79,1817.0,Human
43,120,567.0,Human
43,490,18.0,Human
43,79,341.0,Human
43,70,282.0,Human
43,53,93.0,Human
43,60,189.0,Human
43,59,125.0,Human
43,376,633.0,Human
43,116,9.0,Human
43,80,219.0,Human
43,90,146.0,Human
43,75,109.0,Human
43,94,990.0,Human
43,353,13.0,Human
43,95,207.0,Human
43,95,215.0,Human
43,85,90.0,Human
43,85,570.0,Human
43,100,314.0,Human
43,100,116.0,Human
43,70,170.0,Human
43,75,155.0,Human
43,85,215.0,Human
43,111,4486.0,Human
43,85,115.0,Human
43,191,196.0,Human
43,134,39.0,Human
43,74,2856.0,Human
43,110,290.0,Human
43,91,161.0,Human
43,156,350.0,Human
43,46,49.0,Human
43,110,162.0,Human
43,65,751.0,Human
43,95,243.0,Human
43,75,109.0,Human
43,2886,3451.0,Human
43,170,2766.0,Human
43,100,45.0,Human
43,116,126.0,Human
43,99,59.0,Human
43,80,101.0,Human
43,85,396.0,Human
43,105,290.0,Human
43,91,150.0,Human
43,184,324.0,Human
43,164,75.0,Human
43,106,1214.0,Human
43,156,106.0,Human
43,125,45.0,Human
43,264,542.0,Human
43,140,13.0,Human
43,109,805.0,Human
43,100,166.0,Human
43,100,115.0,Human
43,85,110.0,Human
43,95,260.0,Human
43,74,540.0,Human
43,64,190.0,Human
43,115,265.0,Human
43,155,54.0,Human
43,110,3149.0,Human
43,94,208.0,Human
43,99,135.0,Human
43,125,261.0,Human
43,101,185.0,Human
43,73,256.0,Human
43,101,225.0,Human
43,85,614.0,Human
43,69,215.0,Human
43,64,2226.0,Human
43,60,154.0,Human
43,94,170.0,Human
43,75,1311.0,Human
43,54,140.0,Human
43,105,195.0,Human
43,74,219.0,Human
43,115,160.0,Human
43,104,255.0,Human
43,75,270.0,Human
43,90,290.0,Human
43,119,224.0,Human
43,100,254.0,Human
43,76,266.0,Human
43,80,231.0,Human
43,90,1670.0,Human
43,91,141.0,Human
43,160,514.0,Human
43,75,240.0,Human
43,80,930.0,Human
43,95,211.0,Human
43,90,273.0,Human
43,80,266.0,Human
43,105,210.0,Human
43,110,36.0,Human
43,120,85.0,Human
43,105,38.0,Human
43,75,123.0,Human
43,115,479.0,Human
43,69,170.0,Human
43,90,118.0,Human
43,81,152.0,Human
43,144,213.0,Human
43,120,40.0,Human
43,140,1793.0,Human
43,101,43.0,Human
43,159,471.0,Human
43,320,13.0,Human
43,90,702.0,Human
43,95,184.0,Human
43,105,156.0,Human
43,85,99.0,Human
43,85,246.0,Human
43,110,1460.0,Human
43,120,65.0,Human
43,109,151.0,Human
43,96,61.0,Human
43,100,694.0,Human
43,100,130.0,Human
43,95,99.0,Human
43,90,131.0,Human
43,146,270.0,Human
43,106,44.0,Human
43,98,1051.0,Human
43,125,116.0,Human
43,115,33.0,Human
43,291,587.0,Human
43,129,13.0,Human
43,89,776.0,Human
43,75,105.0,Human
43,71,125.0,Human
43,59,99.0,Human
43,99,291.0,Human
43,72,742.0,Human
43,154,254.0,Human
43,145,33.0,Human
43,55,186.0,Human
43,80,184.0,Human
43,371,102.0,Human
43,110,1784.0,Human
43,75,79.0,Human
43,121,142.0,Human
43,149,324.0,Human
43,95,15.0,Human
43,84,1180.0,Human
50,308,2443.0,Human
50,75,1045.0,Human
50,116,3725.0,Human
52,123,2267.0,Human
52,400,1192.0,Human
52,110,3392.0,Human
53,86,4479.0,Human
53,141,2834.0,Human
53,95,1286.0,Human
53,142,1467.0,Human
53,105,125.0,Human
55,88,369.0,Human
55,56,2320.0,Human
55,72,440.0,Human
55,40,1120.0,Human
55,80,1272.0,Human
55,56,888.0,Human
55,72,368.0,Human
55,64,320.0,Human
55,72,2168.0,Human
55,40,1216.0,Human
55,72,544.0,Human
55,56,1344.0,Human
55,80,2232.0,Human
55,64,1224.0,Human
55,31,4543.0,Human
55,64,553.0,Human
55,41,2728.0,Human
55,88,1640.0,Human
55,64,584.0,Human
55,64,80.0,Human
55,96,519.0,Human
57,172,309.0,Human
57,90,979.0,Human
57,97,3488.0,Human
57,106,1852.0,Human
57,63,935.0,Human
57,76,1475.0,Human
57,84,3562.0,Human
57,86,1530.0,Human
57,90,4833.0,Human
57,98,492.0,Human
57,71,227.0,Human
57,89,1905.0,Human
57,86,3737.0,Human
57,77,1356.0,Human
57,105,2739.0,Human
57,160,3602.0,Human
61,80,407.0,Bot
61,151,508.0,Bot
61,93,499.0,Bot
61,64,464.0,Bot
61,131,948.0,Bot
61,153,418.0,Bot
61,113,464.0,Bot
61,114,350.0,Bot
61,77,530.0,Bot
61,133,533.0,Bot
61,81,331.0,Bot
61,118,473.0,Bot
61,93,525.0,Bot
61,126,579.0,Bot
61,159,565.0,Bot
61,157,415.0,Bot
61,79,453.0,Bot
61,84,1702.0,Bot
61,103,543.0,Bot
61,122,579.0,Bot
61,90,333.0,Bot
61,58,1102.0,Bot
61,106,422.0,Bot
61,145,543.0,Bot
61,135,580.0,Bot
103,134,270.0,Bot
103,126,306.0,Bot
103,97,292.0,Bot
103,149,331.0,Bot
103,55,123.0,Bot
103,107,295.0,Bot
103,75,154.0,Bot
103,145,267.0,Bot
103,110,259.0,Bot
103,150,323.0,Bot
103,70,232.0,Bot
103,66,248.0,Bot
103,116,327.0,Bot
103,112,321.0,Bot
103,72,208.0,Bot
103,84,147.0,Bot
103,91,254.0,Bot
103,77,223.0,Bot
103,152,311.0,Bot
103,151,274.0,Bot
103,111,480.0,Bot
103,85,289.0,Bot
103,86,236.0,Bot
103,146,253.0,Bot
103,81,149.0,Bot
103,62,179.0,Bot
103,56,238.0,Bot
103,139,280.0,Bot
103,108,291.0,Bot
103,143,299.0,Bot
103,112,194.0,Bot
103,62,244.0,Bot
103,77,138.0,Bot
103,110,251.0,Bot
103,134,336.0,Bot
103,100,184.0,Bot
103,110,259.0,Bot
103,142,256.0,Bot
103,89,212.0,Bot
103,128,302.0,Bot
103,149,236.0,Bot
103,76,246.0,Bot
103,96,196.0,Bot
103,122,234.0,Bot
103,62,147.0,Bot
103,135,313.0,Bot
103,115,212.0,Bot
103,128,337.0,Bot
103,100,190.0,Bot
103,92,232.0,Bot
103,106,261.0,Bot
103,71,255.0,Bot
103,131,235.0,Bot
103,59,251.0,Bot
103,84,239.0,Bot
103,136,347.0,Bot
103,127,288.0,Bot
103,91,251.0,Bot
103,119,206.0,Bot
103,79,156.0,Bot
103,73,467.0,Bot
103,143,249.0,Bot
103,84,180.0,Bot
103,72,232.0,Bot
103,57,207.0,Bot
103,131,270.0,Bot
103,120,188.0,Bot
103,114,256.0,Bot
103,98,163.0,Bot
103,59,180.0,Bot
103,99,194.0,Bot
103,155,253.0,Bot
103,92,291.0,Bot
103,66,159.0,Bot
103,153,249.0,Bot
103,56,264.0,Bot
103,131,215.0,Bot
103,99,279.0,Bot
103,57,182.0,Bot
103,94,171.0,Bot
103,142,345.0,Bot
103,66,146.0,Bot
103,148,296.0,Bot
103,60,232.0,Bot
103,93,198.0,Bot
103,84,183.0,Bot
103,152,302.0,Bot
103,118,228.0,Bot
103,146,240.0,Bot
103,59,193.0,Bot
103,90,261.0,Bot
103,150,325.0,Bot
103,153,235.0,Bot
103,69,236.0,Bot
103,70,252.0,Bot
103,66,135.0,Bot
103,127,281.0,Bot
103,118,304.0,Bot
103,68,228.0,Bot
103,142,287.0,Bot
103,88,160.0,Bot
103,107,316.0,Bot
104,96,164.0,Bot
104,147,213.0,Bot
104,268,334.0,Bot
104,173,252.0,Bot
104,285,395.0,Bot
104,235,320.0,Bot
104,110,475.0,Bot
104,129,205.0,Bot
104,245,348.0,Bot
104,303,397.0,Bot
104,114,177.0,Bot
104,151,241.0,Bot
104,242,348.0,Bot
104,237,305.0,Bot
104,125,195.0,Bot
104,109,189.0,Bot
104,179,242.0,Bot
104,216,322.0,Bot
104,286,355.0,Bot
104,195,286.0,Bot
104,162,224.0,Bot
104,86,187.0,Bot
104,95,161.0,Bot
104,295,396.0,Bot
104,236,308.0,Bot
104,117,200.0,Bot
104,127,195.0,Bot
104,254,351.0,Bot
104,182,249.0,Bot
104,58,158.0,Bot
104,79,168.0,Bot
104,301,384.0,Bot
104,289,382.0,Bot
104,271,364.0,Bot
104,275,375.0,Bot
104,119,217.0,Bot
104,193,286.0,Bot
104,87,158.0,Bot
104,82,188.0,Bot
104,147,220.0,Bot
104,194,258.0,Bot
104,149,244.0,Bot
104,225,302.0,Bot
104,229,297.0,Bot
104,213,276.0,Bot
104,90,168.0,Bot
104,215,286.0,Bot
104,283,394.0,Bot
104,211,294.0,Bot
104,99,209.0,Bot
104,306,416.0,Bot
104,96,175.0,Bot
104,288,380.0,Bot
104,259,344.0,Bot
104,68,142.0,Bot
104,160,232.0,Bot
104,165,226.0,Bot
104,260,349.0,Bot
104,221,318.0,Bot
104,222,299.0,Bot
104,80,182.0,Bot
104,136,449.0,Bot
104,169,248.0,Bot
104,270,337.0,Bot
104,131,229.0,Bot
104,161,224.0,Bot
104,285,375.0,Bot
104,154,256.0,Bot
104,186,285.0,Bot
104,187,254.0,Bot
104,181,286.0,Bot
104,270,344.0,Bot
104,139,224.0,Bot
104,209,300.0,Bot
104,171,274.0,Bot
104,94,180.0,Bot
104,285,378.0,Bot
104,299,368.0,Bot
104,148,558.0,Bot
104,193,260.0,Bot
104,142,237.0,Bot
104,239,333.0,Bot
104,186,259.0,Bot
104,246,331.0,Bot
104,80,164.0,Bot
104,201,266.0,Bot
104,241,348.0,Bot
104,110,190.0,Bot
104,266,346.0,Bot
104,208,318.0,Bot
104,149,231.0,Bot
104,73,147.0,Bot
104,305,386.0,Bot
104,84,186.0,Bot
104,275,351.0,Bot
104,274,646.0,Bot
104,64,136.0,Bot
104,254,354.0,Bot
104,156,259.0,Bot
104,79,174.0,Bot
104,259,330.0,Bot
104,86,158.0,Bot
104,187,261.0,Bot
104,297,354.0,Bot
104,156,228.0,Bot
104,117,221.0,Bot
104,297,388.0,Bot
104,290,353.0,Bot
104,295,361.0,Bot
104,70,145.0,Bot
104,109,185.0,Bot
104,229,324.0,Bot
104,163,478.0,Bot
104,158,260.0,Bot
104,281,378.0,Bot
104,177,257.0,Bot
104,221,321.0,Bot
104,241,309.0,Bot
104,110,183.0,Bot
104,279,392.0,Bot
104,67,151.0,Bot
104,138,208.0,Bot
104,139,220.0,Bot
104,228,318.0,Bot
104,71,175.0,Bot
104,110,199.0,Bot
104,247,330.0,Bot
104,290,357.0,Bot
104,234,321.0,Bot
104,241,669.0,Bot
104,161,261.0,Bot
104,208,299.0,Bot
104,88,156.0,Bot
104,297,392.0,Bot
104,131,225.0,Bot
104,245,336.0,Bot
104,88,173.0,Bot
104,284,370.0,Bot
104,276,349.0,Bot
104,227,329.0,Bot
104,111,191.0,Bot
104,165,262.0,Bot
104,126,212.0,Bot
104,58,142.0,Bot
104,263,346.0,Bot
104,214,293.0,Bot
104,152,228.0,Bot
104,205,307.0,Bot
104,168,259.0,Bot
104,191,285.0,Bot
104,245,314.0,Bot
104,200,283.0,Bot
104,222,312.0,Bot
104,194,282.0,Bot
104,172,279.0,Bot
104,223,293.0,Bot
104,157,240.0,Bot
104,235,328.0,Bot
104,293,394.0,Bot
104,87,174.0,Bot
104,144,210.0,Bot
104,269,343.0,Bot
104,267,374.0,Bot
104,163,281.0,Bot
104,207,313.0,Bot
104,132,209.0,Bot
104,192,287.0,Bot
104,244,310.0,Bot
104,185,271.0,Bot
104,255,342.0,Bot
104,239,338.0,Bot
104,260,344.0,Bot
104,83,190.0,Bot
104,263,338.0,Bot
104,62,149.0,Bot
104,192,282.0,Bot
104,87,185.0,Bot
104,173,238.0,Bot
104,277,382.0,Bot
104,181,294.0,Bot
104,111,199.0,Bot
104,122,185.0,Bot
104,171,237.0,Bot
105,94,570.0,Bot
105,115,206.0,Bot
105,153,211.0,Bot
105,59,106.0,Bot
105,141,251.0,Bot
105,115,163.0,Bot
105,105,195.0,Bot
105,83,183.0,Bot
105,69,175.0,Bot
105,102,193.0,Bot
105,120,165.0,Bot
105,93,202.0,Bot
105,118,183.0,Bot
105,129,239.0,Bot
105,56,118.0,Bot
105,63,122.0,Bot
105,137,237.0,Bot
105,86,143.0,Bot
105,57,117.0,Bot
105,148,234.0,Bot
105,142,190.0,Bot
105,70,119.0,Bot
105,138,242.0,Bot
105,120,224.0,Bot
105,111,182.0,Bot
105,78,737.0,Bot
105,120,175.0,Bot
105,110,179.0,Bot
105,120,225.0,Bot
105,96,146.0,Bot
105,153,213.0,Bot
105,113,187.0,Bot
105,112,170.0,Bot
105,116,225.0,Bot
105,119,164.0,Bot
105,118,185.0,Bot
105,93,174.0,Bot
105,81,171.0,Bot
105,81,126.0,Bot
105,59,125.0,Bot
105,98,155.0,Bot
105,118,171.0,Bot
105,144,237.0,Bot
105,137,188.0,Bot
105,130,222.0,Bot
105,95,181.0,Bot
105,57,135.0,Bot
105,87,175.0,Bot
105,104,172.0,Bot
105,83,316.0,Bot
105,71,181.0,Bot
105,148,213.0,Bot
105,150,194.0,Bot
105,110,191.0,Bot
105,99,183.0,Bot
105,77,155.0,Bot
105,87,156.0,Bot
105,78,145.0,Bot
105,134,210.0,Bot
105,114,209.0,Bot
105,126,211.0,Bot
105,58,109.0,Bot
105,146,240.0,Bot
105,91,188.0,Bot
105,61,116.0,Bot
105,132,207.0,Bot
105,147,240.0,Bot
105,80,178.0,Bot
105,124,179.0,Bot
105,137,230.0,Bot
105,74,179.0,Bot
105,85,181.0,Bot
105,93,151.0,Bot
105,104,198.0,Bot
105,96,165.0,Bot
105,64,901.0,Bot
105,54,144.0,Bot
105,77,170.0,Bot
105,124,179.0,Bot
105,126,236.0,Bot
105,100,188.0,Bot
105,147,224.0,Bot
105,119,194.0,Bot
105,96,164.0,Bot
105,148,206.0,Bot
105,107,189.0,Bot
105,75,136.0,Bot
105,90,187.0,Bot
105,133,243.0,Bot
105,119,186.0,Bot
105,63,120.0,Bot
105,56,129.0,Bot
105,104,161.0,Bot
105,115,179.0,Bot
105,70,142.0,Bot
105,135,207.0,Bot
105,103,148.0,Bot
105,83,152.0,Bot
105,67,171.0,Bot
105,145,232.0,Bot
105,121,165.0,Bot
105,84,170.0,Bot
105,152,240.0,Bot
105,122,166.0,Bot
105,156,204.0,Bot
105,92,177.0,Bot
105,74,123.0,Bot
105,141,200.0,Bot
105,57,107.0,Bot
105,156,219.0,Bot
105,114,199.0,Bot
105,116,210.0,Bot
105,67,149.0,Bot
105,110,191.0,Bot
105,103,164.0,Bot
105,118,161.0,Bot
105,97,165.0,Bot
105,92,166.0,Bot
105,123,226.0,Bot
105,67,140.0,Bot
105,145,214.0,Bot
105,101,204.0,Bot
105,154,253.0,Bot
105,89,151.0,Bot
105,150,229.0,Bot
105,150,195.0,Bot
105,125,193.0,Bot
105,114,1369.0,Bot
105,147,217.0,Bot
105,62,133.0,Bot
105,81,141.0,Bot
105,128,174.0,Bot
105,122,176.0,Bot
105,106,203.0,Bot
105,118,208.0,Bot
105,83,174.0,Bot
105,142,231.0,Bot
105,127,220.0,Bot
105,94,144.0,Bot
105,83,179.0,Bot
105,86,140.0,Bot
105,68,132.0,Bot
105,92,142.0,Bot
105,93,156.0,Bot
105,128,176.0,Bot
105,76,154.0,Bot
105,59,163.0,Bot
105,104,192.0,Bot
105,87,182.0,Bot
105,130,174.0,Bot
105,72,162.0,Bot
105,106,205.0,Bot
105,67,147.0,Bot
105,143,208.0,Bot
105,89,138.0,Bot
105,156,252.0,Bot
105,85,150.0,Bot
105,82,150.0,Bot
105,138,219.0,Bot
105,83,162.0,Bot
105,118,184.0,Bot
105,96,149.0,Bot
105,60,142.0,Bot
105,126,216.0,Bot
105,119,176.0,Bot
105,121,224.0,Bot
105,154,262.0,Bot
105,138,192.0,Bot
105,80,172.0,Bot
105,88,144.0,Bot
105,115,224.0,Bot
105,83,152.0,Bot
105,149,232.0,Bot
105,59,124.0,Bot
105,68,139.0,Bot
105,127,226.0,Bot
105,128,408.0,Bot
105,108,193.0,Bot
105,131,205.0,Bot
105,129,218.0,Bot
105,120,191.0,Bot
105,134,196.0,Bot
105,109,151.0,Bot
105,150,225.0,Bot
105,134,231.0,Bot
105,123,230.0,Bot
105,91,138.0,Bot
105,65,131.0,Bot
105,102,186.0,Bot
105,126,215.0,Bot
105,152,219.0,Bot
105,122,183.0,Bot
105,61,138.0,Bot
105,104,213.0,Bot
105,129,184.0,Bot
105,113,197.0,Bot
105,61,130.0,Bot
105,64,117.0,Bot
105,100,207.0,Bot
105,112,213.0,Bot
105,66,163.0,Bot
106,34,62.0,Bot
106,78,131.0,Bot
106,52,91.0,Bot
106,99,131.0,Bot
106,32,88.0,Bot
106,55,111.0,Bot
106,28,66.0,Bot
106,98,133.0,Bot
106,106,153.0,Bot
106,57,115.0,Bot
106,45,78.0,Bot
106,86,125.0,Bot
106,48,94.0,Bot
106,46,99.0,Bot
106,51,89.0,Bot
106,91,132.0,Bot
106,81,139.0,Bot
106,52,91.0,Bot
106,105,154.0,Bot
106,79,132.0,Bot
106,69,214.0,Bot
106,44,95.0,Bot
106,61,100.0,Bot
106,70,114.0,Bot
106,97,151.0,Bot
106,89,139.0,Bot
106,35,81.0,Bot
106,68,122.0,Bot
106,76,112.0,Bot
106,92,131.0,Bot
106,62,111.0,Bot
106,96,151.0,Bot
106,48,110.0,Bot
106,78,116.0,Bot
106,99,152.0,Bot
106,100,151.0,Bot
106,95,148.0,Bot
106,47,91.0,Bot
106,104,155.0,Bot
106,42,98.0,Bot
106,94,153.0,Bot
106,38,82.0,Bot
106,85,122.0,Bot
106,99,132.0,Bot
106,83,140.0,Bot
106,61,112.0,Bot
106,55,109.0,Bot
106,97,134.0,Bot
106,33,72.0,Bot
106,84,124.0,Bot
106,68,113.0,Bot
106,70,123.0,Bot
106,47,82.0,Bot
106,47,107.0,Bot
106,107,148.0,Bot
106,59,113.0,Bot
106,57,94.0,Bot
106,34,79.0,Bot
106,104,160.0,Bot
106,37,95.0,Bot
106,60,390.0,Bot
106,31,81.0,Bot
106,92,123.0,Bot
106,46,101.0,Bot
106,96,142.0,Bot
106,37,69.0,Bot
106,68,99.0,Bot
106,35,67.0,Bot
106,59,104.0,Bot
106,92,144.0,Bot
106,100,163.0,Bot
106,37,89.0,Bot
106,55,96.0,Bot
106,81,115.0,Bot
106,98,135.0,Bot
106,80,115.0,Bot
106,88,114.0,Bot
106,80,132.0,Bot
106,86,139.0,Bot
106,33,69.0,Bot
106,56,117.0,Bot
106,102,142.0,Bot
106,85,126.0,Bot
106,36,88.0,Bot
106,56,113.0,Bot
106,83,140.0,Bot
106,95,134.0,Bot
106,41,93.0,Bot
106,69,111.0,Bot
106,78,126.0,Bot
106,40,95.0,Bot
106,63,117.0,Bot
106,107,153.0,Bot
106,79,114.0,Bot
106,50,81.0,Bot
106,65,100.0,Bot
106,62,98.0,Bot
106,50,85.0,Bot
106,60,107.0,Bot
106,44,94.0,Bot
106,93,154.0,Bot
106,42,217.0,Bot
106,82,143.0,Bot
106,73,128.0,Bot
106,74,109.0,Bot
106,77,131.0,Bot
106,75,108.0,Bot
106,74,112.0,Bot
106,59,94.0,Bot
106,60,98.0,Bot
106,102,145.0,Bot
106,30,67.0,Bot
106,55,101.0,Bot
106,99,130.0,Bot
106,94,152.0,Bot
106,33,88.0,Bot
106,78,142.0,Bot
106,74,123.0,Bot
106,72,126.0,Bot
106,80,125.0,Bot
106,54,101.0,Bot
106,96,130.0,Bot
106,29,82.0,Bot
106,30,74.0,Bot
106,27,64.0,Bot
106,51,85.0,Bot
106,49,92.0,Bot
106,78,136.0,Bot
106,38,84.0,Bot
106,33,89.0,Bot
106,84,136.0,Bot
106,104,165.0,Bot
106,106,143.0,Bot
106,45,107.0,Bot
106,71,124.0,Bot
106,106,147.0,Bot
106,73,107.0,Bot
106,92,130.0,Bot
106,38,77.0,Bot
106,67,122.0,Bot
106,103,135.0,Bot
106,50,110.0,Bot
106,72,131.0,Bot
106,95,140.0,Bot
106,34,417.0,Bot
106,94,147.0,Bot
106,43,92.0,Bot
106,44,90.0,Bot
106,54,99.0,Bot
106,96,131.0,Bot
106,99,148.0,Bot
106,46,102.0,Bot
106,71,122.0,Bot
106,52,112.0,Bot
106,67,117.0,Bot
106,85,112.0,Bot
106,98,137.0,Bot
106,80,118.0,Bot
106,69,103.0,Bot
106,64,96.0,Bot
106,91,138.0,Bot
106,100,143.0,Bot
106,102,155.0,Bot
106,58,115.0,Bot
106,99,148.0,Bot
106,42,99.0,Bot
106,49,89.0,Bot
106,98,137.0,Bot
106,76,128.0,Bot
106,88,125.0,Bot
106,55,104.0,Bot
106,75,116.0,Bot
106,100,136.0,Bot
106,26,58.0,Bot
106,78,133.0,Bot
106,36,78.0,Bot
106,79,112.0,Bot
106,75,120.0,Bot
106,39,84.0,Bot
106,37,74.0,Bot
106,36,84.0,Bot
106,74,118.0,Bot
107,36,135.0,Bot
107,93,155.0,Bot
107,41,103.0,Bot
107,72,105.0,Bot
107,54,167.0,Bot
107,80,140.0,Bot
107,105,145.0,Bot
107,60,151.0,Bot
107,51,109.0,Bot
107,32,88.0,Bot
107,59,284.0,Bot
107,76,145.0,Bot
107,42,116.0,Bot
107,62,150.0,Bot
107,89,188.0,Bot
107,37,103.0,Bot
107,44,82.0,Bot
107,64,106.0,Bot
107,72,166.0,Bot
107,49,143.0,Bot
107,41,114.0,Bot
107,32,108.0,Bot
107,23,57.0,Bot
107,82,166.0,Bot
107,66,112.0,Bot
107,39,103.0,Bot
107,89,171.0,Bot
107,70,134.0,Bot
107,50,87.0,Bot
107,79,179.0,Bot
107,61,117.0,Bot
107,49,126.0,Bot
107,32,79.0,Bot
107,102,204.0,Bot
107,84,126.0,Bot
107,76,152.0,Bot
107,29,64.0,Bot
107,64,141.0,Bot
107,79,118.0,Bot
107,56,146.0,Bot
107,65,156.0,Bot
107,30,119.0,Bot
107,69,166.0,Bot
107,81,162.0,Bot
107,51,131.0,Bot
107,79,171.0,Bot
107,97,358.0,Bot
107,49,132.0,Bot
107,91,178.0,Bot
107,33,132.0,Bot
107,26,98.0,Bot
107,72,113.0,Bot
107,100,157.0,Bot
107,79,163.0,Bot
107,82,156.0,Bot
107,76,156.0,Bot
107,101,187.0,Bot
107,76,112.0,Bot
107,98,174.0,Bot
107,54,118.0,Bot
107,63,161.0,Bot
107,94,128.0,Bot
107,60,120.0,Bot
107,58,158.0,Bot
107,88,155.0,Bot
107,100,130.0,Bot
107,58,146.0,Bot
107,101,148.0,Bot
107,73,113.0,Bot
107,86,180.0,Bot
107,44,98.0,Bot
107,61,166.0,Bot
107,103,142.0,Bot
107,40,100.0,Bot
107,90,157.0,Bot
107,84,188.0,Bot
107,34,127.0,Bot
107,75,158.0,Bot
107,51,85.0,Bot
107,32,109.0,Bot
107,49,452.0,Bot
107,75,160.0,Bot
107,59,131.0,Bot
107,71,145.0,Bot
107,46,97.0,Bot
107,32,128.0,Bot
107,47,145.0,Bot
107,41,149.0,Bot
107,54,163.0,Bot
107,28,134.0,Bot
107,73,166.0,Bot
107,69,123.0,Bot
107,47,155.0,Bot
107,96,161.0,Bot
107,89,190.0,Bot
107,46,144.0,Bot
107,60,166.0,Bot
107,87,193.0,Bot
107,36,93.0,Bot
107,40,88.0,Bot
107,42,83.0,Bot
107,58,168.0,Bot
107,85,161.0,Bot
107,72,152.0,Bot
107,62,103.0,Bot
107,59,171.0,Bot
107,77,140.0,Bot
107,78,148.0,Bot
107,71,135.0,Bot
107,28,126.0,Bot
107,53,143.0,Bot
107,77,169.0,Bot
107,50,411.0,Bot
107,90,122.0,Bot
107,88,177.0,Bot
107,66,121.0,Bot
107,63,162.0,Bot
107,29,77.0,Bot
107,81,126.0,Bot
107,33,102.0,Bot
107,100,141.0,Bot
107,53,85.0,Bot
107,95,196.0,Bot
107,29,91.0,Bot
107,39,132.0,Bot
107,35,132.0,Bot
107,75,181.0,Bot
107,105,175.0,Bot
107,62,154.0,Bot
107,28,80.0,Bot
107,49,84.0,Bot
107,73,180.0,Bot
107,107,194.0,Bot
107,80,164.0,Bot
107,63,112.0,Bot
107,33,90.0,Bot
107,49,159.0,Bot
107,99,207.0,Bot
107,100,177.0,Bot
107,86,163.0,Bot
107,30,58.0,Bot
107,63,108.0,Bot
107,46,142.0,Bot
107,44,114.0,Bot
107,51,149.0,Bot
107,70,102.0,Bot
107,29,81.0,Bot
107,93,525.0,Bot
107,33,108.0,Bot
107,78,179.0,Bot
107,80,176.0,Bot
107,90,142.0,Bot
107,40,88.0,Bot
107,76,166.0,Bot
107,66,152.0,Bot
107,41,86.0,Bot
107,101,194.0,Bot
107,60,97.0,Bot
107,92,157.0,Bot
107,41,124.0,Bot
107,33,136.0,Bot
107,90,140.0,Bot
107,39,105.0,Bot
107,66,148.0,Bot
107,101,172.0,Bot
107,92,171.0,Bot
107,70,107.0,Bot
107,49,109.0,Bot
107,47,123.0,Bot
107,42,103.0,Bot
107,29,79.0,Bot
107,72,117.0,Bot
107,99,134.0,Bot
107,39,141.0,Bot
107,73,172.0,Bot
107,46,132.0,Bot
107,85,121.0,Bot
107,100,164.0,Bot
107,50,126.0,Bot
107,58,159.0,Bot
107,82,113.0,Bot
107,61,575.0,Bot
107,28,116.0,Bot
107,85,119.0,Bot
107,67,142.0,Bot
107,100,145.0,Bot
107,77,151.0,Bot
107,65,136.0,Bot
107,53,121.0,Bot
107,60,134.0,Bot
107,82,186.0,Bot
107,72,146.0,Bot
107,37,122.0,Bot
107,72,115.0,Bot
107,41,85.0,Bot
107,77,182.0,Bot
107,59,109.0,Bot
107,56,138.0,Bot
107,68,156.0,Bot
107,90,150.0,Bot
107,32,67.0,Bot
107,77,145.0,Bot
107,100,142.0,Bot
107,93,196.0,Bot
107,104,213.0,Bot
107,27,96.0,Bot
107,52,155.0,Bot
107,68,111.0,Bot
107,31,126.0,Bot
107,29,78.0,Bot
107,28,131.0,Bot
107,69,128.0,Bot
107,96,146.0,Bot
107,43,133.0,Bot
107,92,167.0,Bot
108,64,298.0,Bot
108,66,183.0,Bot
108,127,330.0,Bot
108,133,399.0,Bot
108,129,322.0,Bot
108,124,364.0,Bot
108,75,595.0,Bot
108,80,263.0,Bot
108,92,364.0,Bot
108,86,215.0,Bot
108,59,237.0,Bot
108,82,390.0,Bot
108,134,366.0,Bot
108,121,238.0,Bot
108,96,270.0,Bot
108,142,397.0,Bot
108,116,383.0,Bot
108,99,232.0,Bot
108,152,305.0,Bot
108,138,308.0,Bot
108,136,419.0,Bot
108,147,868.0,Bot
108,79,229.0,Bot
108,102,358.0,Bot
108,138,297.0,Bot
108,85,364.0,Bot
108,86,255.0,Bot
108,148,396.0,Bot
108,147,380.0,Bot
108,106,234.0,Bot
108,99,313.0,Bot
108,132,435.0,Bot
108,80,223.0,Bot
108,154,297.0,Bot
108,117,324.0,Bot
108,119,327.0,Bot
108,96,274.0,Bot
108,70,207.0,Bot
108,148,299.0,Bot
108,110,331.0,Bot
108,118,385.0,Bot
108,109,401.0,Bot
108,98,370.0,Bot
108,75,189.0,Bot
108,98,230.0,Bot
108,78,315.0,Bot
108,108,323.0,Bot
108,146,335.0,Bot
108,62,372.0,Bot
108,140,281.0,Bot
108,134,428.0,Bot
108,84,729.0,Bot
108,106,327.0,Bot
108,69,333.0,Bot
108,112,275.0,Bot
108,81,288.0,Bot
108,92,289.0,Bot
108,88,201.0,Bot
108,152,399.0,Bot
108,117,229.0,Bot
108,121,238.0,Bot
108,126,312.0,Bot
108,92,215.0,Bot
108,105,345.0,Bot
108,127,247.0,Bot
108,94,290.0,Bot
108,115,307.0,Bot
108,121,268.0,Bot
108,121,305.0,Bot
108,70,271.0,Bot
108,72,214.0,Bot
108,85,368.0,Bot
108,64,251.0,Bot
108,60,193.0,Bot
108,60,230.0,Bot
108,75,192.0,Bot
108,121,412.0,Bot
108,147,424.0,Bot
108,73,333.0,Bot
108,68,186.0,Bot
108,74,325.0,Bot
108,139,263.0,Bot
108,106,342.0,Bot
108,99,349.0,Bot
108,86,381.0,Bot
108,89,301.0,Bot
108,92,325.0,Bot
108,75,297.0,Bot
108,148,314.0,Bot
108,84,274.0,Bot
108,149,288.0,Bot
108,79,371.0,Bot
108,109,330.0,Bot
108,146,398.0,Bot
108,96,216.0,Bot
108,128,358.0,Bot
108,83,244.0,Bot
108,77,206.0,Bot
108,98,386.0,Bot
108,111,355.0,Bot
108,70,230.0,Bot
108,81,293.0,Bot
108,103,312.0,Bot
108,147,279.0,Bot
108,76,188.0,Bot
108,148,450.0,Bot
108,124,428.0,Bot
108,65,345.0,Bot
108,136,284.0,Bot
108,64,248.0,Bot
108,128,401.0,Bot
108,101,265.0,Bot
108,137,335.0,Bot
108,128,250.0,Bot
108,109,239.0,Bot
108,138,764.0,Bot
108,111,249.0,Bot
108,148,394.0,Bot
108,122,391.0,Bot
108,107,387.0,Bot
108,94,211.0,Bot
108,144,450.0,Bot
108,130,300.0,Bot
108,119,391.0,Bot
108,148,385.0,Bot
108,78,248.0,Bot
108,133,322.0,Bot
108,150,383.0,Bot
108,69,241.0,Bot
108,102,355.0,Bot
108,111,259.0,Bot
108,94,303.0,Bot
108,137,287.0,Bot
108,76,212.0,Bot
108,69,201.0,Bot
108,92,318.0,Bot
108,142,284.0,Bot
108,74,354.0,Bot
108,147,267.0,Bot
108,122,305.0,Bot
108,81,211.0,Bot
108,122,419.0,Bot
108,135,336.0,Bot
108,135,347.0,Bot
108,61,236.0,Bot
108,108,314.0,Bot
108,76,519.0,Bot
108,104,357.0,Bot
108,151,368.0,Bot
108,110,337.0,Bot
108,71,190.0,Bot
108,128,305.0,Bot
108,134,273.0,Bot
108,94,349.0,Bot
108,156,409.0,Bot
108,134,357.0,Bot
108,85,254.0,Bot
108,157,391.0,Bot
108,105,394.0,Bot
108,149,371.0,Bot
109,125,394.0,Bot
109,124,403.0,Bot
109,125,376.0,Bot
109,60,302.0,Bot
109,78,267.0,Bot
109,72,325.0,Bot
109,175,338.0,Bot
109,91,292.0,Bot
109,163,403.0,Bot
109,87,351.0,Bot
109,116,393.0,Bot
109,174,366.0,Bot
109,86,329.0,Bot
109,96,351.0,Bot
109,135,423.0,Bot
109,93,384.0,Bot
109,110,335.0,Bot
109,133,353.0,Bot
109,75,288.0,Bot
109,119,285.0,Bot
109,177,763.0,Bot
109,164,362.0,Bot
109,136,385.0,Bot
109,179,456.0,Bot
109,157,457.0,Bot
109,89,254.0,Bot
109,177,359.0,Bot
109,153,416.0,Bot
109,132,323.0,Bot
109,128,349.0,Bot
109,146,367.0,Bot
109,184,490.0,Bot
109,145,696.0,Bot
109,123,333.0,Bot
109,106,309.0,Bot
109,69,283.0,Bot
109,148,322.0,Bot
109,131,359.0,Bot
109,175,383.0,Bot
109,139,306.0,Bot
109,67,367.0,Bot
109,131,397.0,Bot
109,88,284.0,Bot
109,102,308.0,Bot
109,127,433.0,Bot
109,120,335.0,Bot
109,86,626.0,Bot
109,125,336.0,Bot
109,124,315.0,Bot
109,81,329.0,Bot
109,118,348.0,Bot
109,141,365.0,Bot
109,60,354.0,Bot
109,74,354.0,Bot
109,128,296.0,Bot
109,63,261.0,Bot
109,114,362.0,Bot
109,162,380.0,Bot
109,116,296.0,Bot
109,64,241.0,Bot
109,166,473.0,Bot
109,74,331.0,Bot
109,136,338.0,Bot
109,119,289.0,Bot
109,161,382.0,Bot
109,166,428.0,Bot
109,97,350.0,Bot
109,111,414.0,Bot
109,81,340.0,Bot
109,69,372.0,Bot
109,112,298.0,Bot
109,107,305.0,Bot
109,140,313.0,Bot
109,167,436.0,Bot
109,91,329.0,Bot
109,125,374.0,Bot
109,91,312.0,Bot
109,63,319.0,Bot
109,74,287.0,Bot
109,154,404.0,Bot
109,156,447.0,Bot
109,112,291.0,Bot
109,137,425.0,Bot
109,79,274.0,Bot
109,186,376.0,Bot
109,57,259.0,Bot
109,184,484.0,Bot
109,64,359.0,Bot
109,98,324.0,Bot
109,184,469.0,Bot
109,123,285.0,Bot
109,151,419.0,Bot
109,153,405.0,Bot
109,117,316.0,Bot
109,174,378.0,Bot
109,124,305.0,Bot
109,149,454.0,Bot
109,66,326.0,Bot
109,172,384.0,Bot
109,52,319.0,Bot
109,91,337.0,Bot
109,153,445.0,Bot
109,138,408.0,Bot
109,58,280.0,Bot
109,66,299.0,Bot
109,145,413.0,Bot
109,116,349.0,Bot
109,134,325.0,Bot
109,105,348.0,Bot
109,88,267.0,Bot
109,160,342.0,Bot
109,60,232.0,Bot
109,179,419.0,Bot
109,105,376.0,Bot
109,147,313.0,Bot
109,178,376.0,Bot
109,169,1129.0,Bot
109,124,393.0,Bot
109,76,362.0,Bot
109,111,371.0,Bot
109,180,414.0,Bot
109,162,349.0,Bot
109,88,289.0,Bot
109,115,367.0,Bot
109,160,462.0,Bot
109,102,308.0,Bot
109,151,378.0,Bot
109,142,672.0,Bot
109,126,307.0,Bot
109,110,287.0,Bot
109,101,364.0,Bot
109,93,379.0,Bot
109,83,288.0,Bot
109,67,273.0,Bot
109,58,360.0,Bot
109,145,317.0,Bot
109,109,295.0,Bot
109,179,456.0,Bot
109,168,335.0,Bot
109,97,337.0,Bot
109,99,365.0,Bot
110,187,428.0,Bot
110,96,521.0,Bot
110,237,402.0,Bot
110,230,640.0,Bot
110,96,706.0,Bot
110,91,397.0,Bot
110,56,500.0,Bot
110,208,685.0,Bot
110,118,394.0,Bot
110,213,612.0,Bot
110,128,512.0,Bot
110,112,285.0,Bot
110,67,365.0,Bot
110,247,734.0,Bot
110,227,719.0,Bot
110,128,608.0,Bot
110,158,516.0,Bot
110,172,321.0,Bot
110,221,720.0,Bot
110,155,608.0,Bot
110,118,569.0,Bot
110,166,594.0,Bot
110,195,540.0,Bot
110,99,319.0,Bot
110,80,558.0,Bot
110,94,575.0,Bot
110,190,580.0,Bot
110,155,474.0,Bot
110,193,381.0,Bot
110,158,298.0,Bot
110,63,461.0,Bot
110,244,421.0,Bot
110,148,569.0,Bot
110,189,606.0,Bot
110,256,523.0,Bot
110,56,475.0,Bot
110,244,682.0,Bot
110,194,704.0,Bot
110,231,479.0,Bot
110,236,423.0,Bot
110,201,476.0,Bot
110,202,547.0,Bot
110,203,537.0,Bot
110,96,523.0,Bot
110,125,405.0,Bot
110,129,264.0,Bot
110,176,569.0,Bot
110,72,420.0,Bot
110,217,722.0,Bot
110,177,391.0,Bot
110,205,540.0,Bot
110,144,368.0,Bot
110,182,448.0,Bot
110,215,496.0,Bot
110,63,517.0,Bot
110,163,567.0,Bot
110,180,434.0,Bot
110,84,523.0,Bot
110,166,620.0,Bot
110,72,347.0,Bot
110,248,715.0,Bot
110,128,372.0,Bot
110,113,520.0,Bot
110,151,359.0,Bot
110,193,542.0,Bot
110,255,527.0,Bot
110,103,335.0,Bot
110,196,417.0,Bot
110,102,377.0,Bot
110,155,648.0,Bot
110,128,379.0,Bot
110,167,479.0,Bot
110,255,517.0,Bot
110,98,708.0,Bot
110,127,566.0,Bot
110,103,470.0,Bot
110,256,424.0,Bot
110,103,302.0,Bot
110,77,506.0,Bot
110,224,702.0,Bot
110,207,622.0,Bot
110,158,633.0,Bot
110,84,514.0,Bot
110,56,555.0,Bot
110,73,350.0,Bot
110,195,520.0,Bot
110,176,513.0,Bot
110,87,575.0,Bot
110,231,653.0,Bot
110,162,338.0,Bot
110,65,229.0,Bot
110,200,480.0,Bot
110,177,667.0,Bot
110,62,369.0,Bot
110,198,692.0,Bot
110,167,305.0,Bot
110,196,370.0,Bot
110,217,405.0,Bot
110,182,376.0,Bot
110,183,420.0,Bot
110,175,393.0,Bot
110,155,606.0,Bot
110,91,440.0,Bot
111,45,177.0,Bot
111,50,139.0,Bot
111,49,161.0,Bot
111,50,140.0,Bot
111,71,157.0,Bot
111,68,167.0,Bot
111,38,133.0,Bot
111,48,146.0,Bot
111,50,144.0,Bot
111,72,161.0,Bot
111,38,137.0,Bot
111,39,144.0,Bot
111,60,144.0,Bot
111,70,313.0,Bot
111,41,133.0,Bot
111,51,144.0,Bot
111,73,170.0,Bot
111,52,161.0,Bot
111,43,133.0,Bot
111,50,143.0,Bot
111,45,151.0,Bot
111,56,148.0,Bot
111,44,127.0,Bot
111,54,150.0,Bot
111,43,150.0,Bot
111,60,147.0,Bot
111,41,133.0,Bot
111,51,142.0,Bot
111,57,162.0,Bot
111,42,148.0,Bot
111,52,145.0,Bot
111,72,157.0,Bot
111,56,161.0,Bot
111,54,165.0,Bot
111,65,166.0,Bot
111,68,152.0,Bot
111,42,152.0,Bot
111,47,150.0,Bot
111,40,129.0,Bot
111,74,166.0,Bot
111,69,152.0,Bot
111,51,145.0,Bot
111,51,150.0,Bot
111,38,124.0,Bot
111,59,149.0,Bot
111,46,127.0,Bot
111,62,454.0,Bot
111,54,150.0,Bot
111,41,142.0,Bot
111,58,162.0,Bot
111,72,172.0,Bot
111,70,151.0,Bot
111,41,149.0,Bot
111,53,141.0,Bot
111,66,166.0,Bot
111,39,140.0,Bot
111,42,141.0,Bot
111,48,142.0,Bot
111,59,153.0,Bot
111,52,145.0,Bot
111,43,132.0,Bot
111,51,157.0,Bot
111,43,129.0,Bot
111,56,155.0,Bot
111,41,126.0,Bot
111,71,181.0,Bot
111,74,168.0,Bot
111,44,153.0,Bot
111,36,125.0,Bot
111,54,164.0,Bot
111,57,158.0,Bot
111,55,165.0,Bot
111,63,147.0,Bot
111,54,160.0,Bot
111,75,176.0,Bot
111,39,149.0,Bot
111,65,155.0,Bot
111,44,281.0,Bot
111,42,132.0,Bot
111,63,155.0,Bot
111,46,131.0,Bot
111,45,139.0,Bot
111,48,126.0,Bot
111,57,140.0,Bot
111,44,152.0,Bot
111,70,153.0,Bot
111,39,135.0,Bot
111,57,152.0,Bot
111,39,122.0,Bot
111,70,167.0,Bot
111,53,149.0,Bot
111,56,142.0,Bot
111,51,138.0,Bot
111,59,158.0,Bot
111,75,161.0,Bot
111,52,155.0,Bot
111,55,146.0,Bot
111,52,147.0,Bot
111,63,143.0,Bot
111,39,138.0,Bot
111,68,157.0,Bot
111,40,147.0,Bot
111,59,144.0,Bot
111,75,160.0,Bot
111,38,130.0,Bot
111,64,150.0,Bot
111,45,134.0,Bot
111,56,148.0,Bot
111,46,130.0,Bot
111,44,134.0,Bot
111,52,528.0,Bot
111,59,171.0,Bot
111,42,141.0,Bot
111,69,154.0,Bot
111,52,142.0,Bot
111,41,138.0,Bot
111,76,182.0,Bot
111,51,154.0,Bot
111,60,156.0,Bot
111,38,150.0,Bot
111,76,168.0,Bot
111,64,149.0,Bot
111,66,157.0,Bot
111,43,147.0,Bot
111,36,140.0,Bot
111,71,179.0,Bot
111,47,144.0,Bot
111,57,157.0,Bot
111,57,162.0,Bot
111,73,155.0,Bot
111,40,140.0,Bot
111,63,171.0,Bot
111,67,164.0,Bot
111,38,145.0,Bot
111,56,146.0,Bot
111,38,125.0,Bot
111,64,146.0,Bot
111,57,141.0,Bot
111,45,140.0,Bot
111,70,172.0,Bot
111,58,308.0,Bot
111,45,153.0,Bot
111,59,157.0,Bot
111,66,152.0,Bot
111,53,162.0,Bot
111,61,168.0,Bot
111,34,128.0,Bot
111,60,167.0,Bot
111,49,143.0,Bot
111,63,171.0,Bot
111,48,143.0,Bot
111,58,139.0,Bot
111,59,155.0,Bot
111,66,149.0,Bot
111,45,139.0,Bot
111,65,141.0,Bot
111,61,169.0,Bot
111,70,154.0,Bot
111,64,164.0,Bot
111,62,166.0,Bot
111,73,154.0,Bot
111,41,135.0,Bot
111,41,151.0,Bot
111,75,167.0,Bot
111,74,160.0,Bot
111,37,146.0,Bot
111,68,175.0,Bot
111,42,152.0,Bot
111,75,175.0,Bot
111,58,153.0,Bot
111,65,158.0,Bot
111,73,157.0,Bot
111,75,323.0,Bot
111,40,126.0,Bot
111,46,139.0,Bot
111,68,161.0,Bot
111,49,133.0,Bot
111,70,167.0,Bot
111,55,152.0,Bot
111,63,158.0,Bot
111,40,131.0,Bot
111,55,147.0,Bot
111,68,167.0,Bot
111,39,146.0,Bot
111,52,151.0,Bot
111,63,151.0,Bot
111,35,135.0,Bot
111,45,151.0,Bot
111,35,124.0,Bot
111,51,151.0,Bot
111,60,145.0,Bot
111,65,149.0,Bot
111,52,140.0,Bot
111,41,123.0,Bot
111,66,166.0,Bot
111,36,146.0,Bot
111,61,152.0,Bot
111,73,154.0,Bot
113,85,198.0,Bot
113,67,206.0,Bot
113,95,238.0,Bot
113,103,188.0,Bot
113,96,250.0,Bot
113,67,155.0,Bot
113,67,163.0,Bot
113,77,408.0,Bot
113,93,266.0,Bot
113,65,242.0,Bot
113,64,173.0,Bot
113,86,215.0,Bot
113,77,244.0,Bot
113,93,215.0,Bot
113,64,237.0,Bot
113,88,227.0,Bot
113,68,190.0,Bot
113,76,1548.0,Bot
113,83,213.0,Bot
113,106,247.0,Bot
113,64,199.0,Bot
113,78,183.0,Bot
113,99,274.0,Bot
113,92,463.0,Bot
113,108,229.0,Bot
